-- phpMyAdmin SQL Dump
-- version 5.2.1
-- https://www.phpmyadmin.net/
--
-- Servidor: 127.0.0.1
-- Tiempo de generación: 20-09-2024 a las 00:21:40
-- Versión del servidor: 10.4.32-MariaDB
-- Versión de PHP: 8.0.30

SET SQL_MODE = "NO_AUTO_VALUE_ON_ZERO";
START TRANSACTION;
SET time_zone = "+00:00";


/*!40101 SET @OLD_CHARACTER_SET_CLIENT=@@CHARACTER_SET_CLIENT */;
/*!40101 SET @OLD_CHARACTER_SET_RESULTS=@@CHARACTER_SET_RESULTS */;
/*!40101 SET @OLD_COLLATION_CONNECTION=@@COLLATION_CONNECTION */;
/*!40101 SET NAMES utf8mb4 */;

--
-- Base de datos: `web`
--

-- --------------------------------------------------------

--
-- Estructura de tabla para la tabla `controlsalud`
--

CREATE TABLE `controlsalud` (
  `id` int(11) NOT NULL,
  `pacienteId` int(11) NOT NULL,
  `signoVitalId` int(11) NOT NULL,
  `fecha` date NOT NULL,
  `hora` time NOT NULL,
  `valor` varchar(255) NOT NULL,
  `createdAt` datetime NOT NULL,
  `updatedAt` datetime NOT NULL
) ENGINE=InnoDB DEFAULT CHARSET=utf8mb4 COLLATE=utf8mb4_general_ci;

--
-- Volcado de datos para la tabla `controlsalud`
--

INSERT INTO `controlsalud` (`id`, `pacienteId`, `signoVitalId`, `fecha`, `hora`, `valor`, `createdAt`, `updatedAt`) VALUES
(3, 1, 1, '2024-01-02', '09:00:00', '80', '2024-09-19 19:39:18', '2024-09-19 22:18:45'),
(4, 1, 1, '2024-01-01', '08:00:00', '120', '2024-09-19 19:39:41', '2024-09-19 19:39:41'),
(5, 1, 1, '2024-01-01', '08:00:00', '120', '2024-09-19 19:39:50', '2024-09-19 19:39:50'),
(6, 1, 1, '2024-01-01', '08:00:00', '120', '2024-09-19 19:39:57', '2024-09-19 19:39:57'),
(7, 1, 1, '2024-01-01', '08:00:00', '120', '2024-09-19 19:43:10', '2024-09-19 19:43:10'),
(8, 1, 1, '2024-01-01', '08:00:00', '120', '2024-09-19 19:43:16', '2024-09-19 19:43:16'),
(9, 1, 1, '2024-01-01', '08:00:00', '120', '2024-09-19 19:43:28', '2024-09-19 19:43:28'),
(10, 1, 1, '2024-01-01', '08:00:00', '120', '2024-09-19 19:43:39', '2024-09-19 19:43:39'),
(11, 1, 1, '2024-01-01', '08:00:00', '120', '2024-09-19 19:43:41', '2024-09-19 19:43:41'),
(12, 1, 1, '2024-01-01', '08:00:00', '120', '2024-09-19 19:44:07', '2024-09-19 19:44:07'),
(13, 1, 14, '2024-01-01', '08:00:00', '75', '2024-09-19 20:06:13', '2024-09-19 20:06:13'),
(14, 1, 15, '2024-01-01', '08:00:00', '75', '2024-09-19 20:09:32', '2024-09-19 20:09:32'),
(15, 1, 16, '2024-01-01', '08:00:00', '75', '2024-09-19 20:29:46', '2024-09-19 20:29:46'),
(16, 1, 17, '2024-01-01', '08:00:00', '75', '2024-09-19 20:29:49', '2024-09-19 20:29:49'),
(17, 1, 18, '2024-01-01', '08:00:00', '75', '2024-09-19 20:29:51', '2024-09-19 20:29:51'),
(18, 1, 19, '2024-01-01', '08:00:00', '75', '2024-09-19 20:29:55', '2024-09-19 20:29:55'),
(19, 1, 20, '2024-01-01', '08:00:00', '75', '2024-09-19 20:30:00', '2024-09-19 20:30:00'),
(20, 1, 21, '2024-01-01', '08:00:00', '75', '2024-09-19 20:30:12', '2024-09-19 20:30:12'),
(21, 1, 22, '2024-01-01', '08:00:00', '75', '2024-09-19 20:30:14', '2024-09-19 20:30:14'),
(22, 1, 23, '2024-01-01', '08:00:00', '75', '2024-09-19 20:30:16', '2024-09-19 20:30:16'),
(23, 1, 24, '2024-01-01', '08:00:00', '75', '2024-09-19 20:30:19', '2024-09-19 20:30:19'),
(24, 1, 25, '2024-01-01', '08:00:00', '75', '2024-09-19 20:30:25', '2024-09-19 20:30:25'),
(25, 1, 26, '2024-01-01', '08:00:00', '75', '2024-09-19 20:30:40', '2024-09-19 20:30:40'),
(26, 1, 27, '2024-01-01', '08:00:00', '75', '2024-09-19 20:30:52', '2024-09-19 20:30:52'),
(27, 1, 28, '2024-01-01', '08:00:00', '75', '2024-09-19 20:31:18', '2024-09-19 20:31:18'),
(28, 1, 29, '2024-01-01', '08:00:00', '75', '2024-09-19 20:32:47', '2024-09-19 20:32:47'),
(29, 1, 30, '2024-01-01', '08:00:00', '75', '2024-09-19 20:33:42', '2024-09-19 20:33:42'),
(30, 1, 31, '2024-01-01', '08:00:00', '75', '2024-09-19 20:33:59', '2024-09-19 20:33:59'),
(31, 1, 32, '2024-01-01', '08:00:00', '75', '2024-09-19 20:36:46', '2024-09-19 20:36:46'),
(32, 1, 33, '2024-01-01', '08:00:00', '75', '2024-09-19 20:50:26', '2024-09-19 20:50:26'),
(33, 1, 34, '2024-01-01', '08:00:00', '75', '2024-09-19 20:51:11', '2024-09-19 20:51:11'),
(34, 1, 35, '2024-01-01', '08:00:00', '75', '2024-09-19 20:51:37', '2024-09-19 20:51:37'),
(35, 1, 36, '2024-01-01', '08:00:00', '75', '2024-09-19 20:51:41', '2024-09-19 20:51:41'),
(36, 1, 37, '2024-01-01', '08:00:00', '75', '2024-09-19 20:55:41', '2024-09-19 20:55:41'),
(37, 1, 38, '2024-01-01', '08:00:00', '75', '2024-09-19 20:55:54', '2024-09-19 20:55:54'),
(38, 1, 39, '2024-01-01', '08:00:00', '75', '2024-09-19 20:55:57', '2024-09-19 20:55:57'),
(39, 1, 40, '2024-01-01', '08:00:00', '75', '2024-09-19 20:56:02', '2024-09-19 20:56:02'),
(40, 1, 41, '2024-01-01', '08:00:00', '75', '2024-09-19 20:56:15', '2024-09-19 20:56:15'),
(41, 1, 42, '2024-01-01', '08:00:00', '75', '2024-09-19 20:56:23', '2024-09-19 20:56:23'),
(42, 1, 43, '2024-01-01', '08:00:00', '75', '2024-09-19 20:56:37', '2024-09-19 20:56:37'),
(43, 1, 44, '2024-01-01', '08:00:00', '75', '2024-09-19 20:56:43', '2024-09-19 20:56:43'),
(44, 1, 45, '2024-01-01', '08:00:00', '75', '2024-09-19 20:56:53', '2024-09-19 20:56:53'),
(45, 1, 46, '2024-01-01', '08:00:00', '75', '2024-09-19 20:57:02', '2024-09-19 20:57:02'),
(46, 1, 47, '2024-01-01', '08:00:00', '75', '2024-09-19 20:57:11', '2024-09-19 20:57:11'),
(47, 1, 48, '2024-01-01', '08:00:00', '75', '2024-09-19 20:57:17', '2024-09-19 20:57:17'),
(48, 1, 49, '2024-01-01', '08:00:00', '75', '2024-09-19 20:57:23', '2024-09-19 20:57:23'),
(49, 1, 50, '2024-01-01', '08:00:00', '75', '2024-09-19 20:57:28', '2024-09-19 20:57:28'),
(50, 1, 51, '2024-01-01', '08:00:00', '75', '2024-09-19 20:57:31', '2024-09-19 20:57:31'),
(51, 1, 52, '2024-01-01', '08:00:00', '75', '2024-09-19 20:58:20', '2024-09-19 20:58:20'),
(52, 1, 53, '2024-01-01', '08:00:00', '75', '2024-09-19 20:58:22', '2024-09-19 20:58:22'),
(53, 1, 54, '2024-01-01', '08:00:00', '75', '2024-09-19 20:58:24', '2024-09-19 20:58:24'),
(54, 1, 55, '2024-01-01', '08:00:00', '75', '2024-09-19 20:58:28', '2024-09-19 20:58:28'),
(55, 1, 56, '2024-01-01', '08:00:00', '75', '2024-09-19 20:58:32', '2024-09-19 20:58:32'),
(56, 1, 57, '2024-01-01', '08:00:00', '75', '2024-09-19 20:58:37', '2024-09-19 20:58:37'),
(57, 1, 58, '2024-01-01', '08:00:00', '75', '2024-09-19 20:58:40', '2024-09-19 20:58:40'),
(58, 1, 59, '2024-01-01', '08:00:00', '75', '2024-09-19 20:58:43', '2024-09-19 20:58:43'),
(59, 1, 60, '2024-01-01', '08:00:00', '75', '2024-09-19 20:58:46', '2024-09-19 20:58:46'),
(60, 1, 61, '2024-01-01', '08:00:00', '75', '2024-09-19 20:58:50', '2024-09-19 20:58:50'),
(61, 1, 62, '2024-01-01', '08:00:00', '75', '2024-09-19 20:58:56', '2024-09-19 20:58:56'),
(62, 1, 63, '2024-01-01', '08:00:00', '75', '2024-09-19 20:58:58', '2024-09-19 20:58:58'),
(63, 1, 64, '2024-01-01', '08:00:00', '75', '2024-09-19 20:59:12', '2024-09-19 20:59:12'),
(64, 1, 65, '2024-01-01', '08:00:00', '75', '2024-09-19 20:59:27', '2024-09-19 20:59:27'),
(65, 1, 66, '2024-01-01', '08:00:00', '75', '2024-09-19 20:59:32', '2024-09-19 20:59:32'),
(66, 1, 67, '2024-01-01', '08:00:00', '75', '2024-09-19 20:59:35', '2024-09-19 20:59:35'),
(67, 1, 68, '2024-01-01', '08:00:00', '75', '2024-09-19 20:59:41', '2024-09-19 20:59:41'),
(68, 1, 69, '2024-01-01', '08:00:00', '75', '2024-09-19 20:59:44', '2024-09-19 20:59:44'),
(69, 1, 70, '2024-01-01', '08:00:00', '75', '2024-09-19 20:59:55', '2024-09-19 20:59:55'),
(70, 1, 71, '2024-01-01', '08:00:00', '75', '2024-09-19 21:00:02', '2024-09-19 21:00:02'),
(71, 1, 72, '2024-01-01', '08:00:00', '75', '2024-09-19 21:00:05', '2024-09-19 21:00:05'),
(72, 1, 73, '2024-01-01', '08:00:00', '75', '2024-09-19 21:00:30', '2024-09-19 21:00:30'),
(73, 1, 74, '2024-01-01', '08:00:00', '75', '2024-09-19 21:00:35', '2024-09-19 21:00:35'),
(74, 1, 75, '2024-01-01', '08:00:00', '75', '2024-09-19 21:00:41', '2024-09-19 21:00:41'),
(75, 1, 76, '2024-01-01', '08:00:00', '75', '2024-09-19 21:05:04', '2024-09-19 21:05:04'),
(76, 1, 77, '2024-01-01', '08:00:00', '75', '2024-09-19 21:05:06', '2024-09-19 21:05:06'),
(77, 1, 78, '2024-01-01', '08:00:00', '75', '2024-09-19 21:05:11', '2024-09-19 21:05:11'),
(78, 1, 79, '2024-01-01', '08:00:00', '75', '2024-09-19 21:05:19', '2024-09-19 21:05:19'),
(79, 1, 80, '2024-01-01', '08:00:00', '75', '2024-09-19 21:05:21', '2024-09-19 21:05:21'),
(80, 1, 81, '2024-01-01', '08:00:00', '75', '2024-09-19 21:05:45', '2024-09-19 21:05:45'),
(81, 1, 82, '2024-01-01', '08:00:00', '75', '2024-09-19 21:05:48', '2024-09-19 21:05:48'),
(82, 1, 83, '2024-01-01', '08:00:00', '75', '2024-09-19 21:05:53', '2024-09-19 21:05:53'),
(83, 1, 84, '2024-01-01', '08:00:00', '75', '2024-09-19 21:06:03', '2024-09-19 21:06:03'),
(84, 1, 85, '2024-01-01', '08:00:00', '75', '2024-09-19 21:06:11', '2024-09-19 21:06:11'),
(85, 1, 86, '2024-01-01', '08:00:00', '75', '2024-09-19 21:06:21', '2024-09-19 21:06:21'),
(86, 1, 87, '2024-01-01', '08:00:00', '75', '2024-09-19 21:06:25', '2024-09-19 21:06:25'),
(87, 1, 88, '2024-01-01', '08:00:00', '75', '2024-09-19 21:06:29', '2024-09-19 21:06:29'),
(88, 1, 89, '2024-01-01', '08:00:00', '75', '2024-09-19 21:06:31', '2024-09-19 21:06:31'),
(89, 1, 90, '2024-01-01', '08:00:00', '75', '2024-09-19 21:06:34', '2024-09-19 21:06:34'),
(90, 1, 91, '2024-01-01', '08:00:00', '75', '2024-09-19 21:06:37', '2024-09-19 21:06:37'),
(91, 1, 92, '2024-01-01', '08:00:00', '75', '2024-09-19 21:06:40', '2024-09-19 21:06:40'),
(92, 1, 93, '2024-01-01', '08:00:00', '75', '2024-09-19 21:06:43', '2024-09-19 21:06:43'),
(93, 1, 94, '2024-01-01', '08:00:00', '75', '2024-09-19 21:09:11', '2024-09-19 21:09:11'),
(94, 1, 96, '2024-01-01', '08:00:00', '75', '2024-09-19 22:17:21', '2024-09-19 22:17:21');

-- --------------------------------------------------------

--
-- Estructura de tabla para la tabla `pacientes`
--

CREATE TABLE `pacientes` (
  `id` int(11) NOT NULL,
  `nombre` varchar(255) NOT NULL,
  `identificacion` varchar(255) NOT NULL,
  `createdAt` datetime NOT NULL,
  `updatedAt` datetime NOT NULL
) ENGINE=InnoDB DEFAULT CHARSET=utf8mb4 COLLATE=utf8mb4_general_ci;

--
-- Volcado de datos para la tabla `pacientes`
--

INSERT INTO `pacientes` (`id`, `nombre`, `identificacion`, `createdAt`, `updatedAt`) VALUES
(1, 'Juan', '2', '2024-09-19 19:22:47', '2024-09-19 19:22:47'),
(11, 'Juan', '45442', '2024-09-19 19:32:26', '2024-09-19 19:32:26');

-- --------------------------------------------------------

--
-- Estructura de tabla para la tabla `signos_vitales`
--

CREATE TABLE `signos_vitales` (
  `id` int(11) NOT NULL,
  `descripcion` varchar(255) NOT NULL,
  `nivel_min` int(11) NOT NULL,
  `nivel_max` int(11) NOT NULL,
  `createdAt` datetime NOT NULL,
  `updatedAt` datetime NOT NULL
) ENGINE=InnoDB DEFAULT CHARSET=utf8mb4 COLLATE=utf8mb4_general_ci;

--
-- Volcado de datos para la tabla `signos_vitales`
--

INSERT INTO `signos_vitales` (`id`, `descripcion`, `nivel_min`, `nivel_max`, `createdAt`, `updatedAt`) VALUES
(1, 'Temperatura Actualizada', 35, 38, '2024-09-19 19:35:50', '2024-09-19 22:20:11'),
(3, 'Presión Arterial', 90, 120, '2024-09-19 19:38:56', '2024-09-19 19:38:56'),
(4, 'Presión Arterial', 90, 120, '2024-09-19 19:39:18', '2024-09-19 19:39:18'),
(5, 'Presión Arterial', 90, 120, '2024-09-19 19:39:41', '2024-09-19 19:39:41'),
(6, 'Presión Arterial', 90, 120, '2024-09-19 19:39:50', '2024-09-19 19:39:50'),
(7, 'Presión Arterial', 90, 120, '2024-09-19 19:39:57', '2024-09-19 19:39:57'),
(8, 'Presión Arterial', 90, 120, '2024-09-19 19:43:10', '2024-09-19 19:43:10'),
(9, 'Presión Arterial', 90, 120, '2024-09-19 19:43:16', '2024-09-19 19:43:16'),
(10, 'Presión Arterial', 90, 120, '2024-09-19 19:43:28', '2024-09-19 19:43:28'),
(11, 'Presión Arterial', 90, 120, '2024-09-19 19:43:39', '2024-09-19 19:43:39'),
(12, 'Presión Arterial', 90, 120, '2024-09-19 19:43:41', '2024-09-19 19:43:41'),
(13, 'Presión Arterial', 90, 120, '2024-09-19 19:44:07', '2024-09-19 19:44:07'),
(14, 'Frecuencia Cardiaca', 60, 100, '2024-09-19 20:06:13', '2024-09-19 20:06:13'),
(15, 'Frecuencia Cardiaca', 60, 100, '2024-09-19 20:09:32', '2024-09-19 20:09:32'),
(16, 'Frecuencia Cardiaca', 60, 100, '2024-09-19 20:29:46', '2024-09-19 20:29:46'),
(17, 'Frecuencia Cardiaca', 60, 100, '2024-09-19 20:29:49', '2024-09-19 20:29:49'),
(18, 'Frecuencia Cardiaca', 60, 100, '2024-09-19 20:29:51', '2024-09-19 20:29:51'),
(19, 'Frecuencia Cardiaca', 60, 100, '2024-09-19 20:29:55', '2024-09-19 20:29:55'),
(20, 'Frecuencia Cardiaca', 60, 100, '2024-09-19 20:30:00', '2024-09-19 20:30:00'),
(21, 'Frecuencia Cardiaca', 60, 100, '2024-09-19 20:30:12', '2024-09-19 20:30:12'),
(22, 'Frecuencia Cardiaca', 60, 100, '2024-09-19 20:30:14', '2024-09-19 20:30:14'),
(23, 'Frecuencia Cardiaca', 60, 100, '2024-09-19 20:30:16', '2024-09-19 20:30:16'),
(24, 'Frecuencia Cardiaca', 60, 100, '2024-09-19 20:30:19', '2024-09-19 20:30:19'),
(25, 'Frecuencia Cardiaca', 60, 100, '2024-09-19 20:30:24', '2024-09-19 20:30:24'),
(26, 'Frecuencia Cardiaca', 60, 100, '2024-09-19 20:30:40', '2024-09-19 20:30:40'),
(27, 'Frecuencia Cardiaca', 60, 100, '2024-09-19 20:30:52', '2024-09-19 20:30:52'),
(28, 'Frecuencia Cardiaca', 60, 100, '2024-09-19 20:31:18', '2024-09-19 20:31:18'),
(29, 'Frecuencia Cardiaca', 60, 100, '2024-09-19 20:32:47', '2024-09-19 20:32:47'),
(30, 'Frecuencia Cardiaca', 60, 100, '2024-09-19 20:33:42', '2024-09-19 20:33:42'),
(31, 'Frecuencia Cardiaca', 60, 100, '2024-09-19 20:33:59', '2024-09-19 20:33:59'),
(32, 'Frecuencia Cardiaca', 60, 100, '2024-09-19 20:36:46', '2024-09-19 20:36:46'),
(33, 'Frecuencia Cardiaca', 60, 100, '2024-09-19 20:50:26', '2024-09-19 20:50:26'),
(34, 'Frecuencia Cardiaca', 60, 100, '2024-09-19 20:51:11', '2024-09-19 20:51:11'),
(35, 'Frecuencia Cardiaca', 60, 100, '2024-09-19 20:51:37', '2024-09-19 20:51:37'),
(36, 'Frecuencia Cardiaca', 60, 100, '2024-09-19 20:51:41', '2024-09-19 20:51:41'),
(37, 'Frecuencia Cardiaca', 60, 100, '2024-09-19 20:55:41', '2024-09-19 20:55:41'),
(38, 'Frecuencia Cardiaca', 60, 100, '2024-09-19 20:55:54', '2024-09-19 20:55:54'),
(39, 'Frecuencia Cardiaca', 60, 100, '2024-09-19 20:55:57', '2024-09-19 20:55:57'),
(40, 'Frecuencia Cardiaca', 60, 100, '2024-09-19 20:56:02', '2024-09-19 20:56:02'),
(41, 'Frecuencia Cardiaca', 60, 100, '2024-09-19 20:56:15', '2024-09-19 20:56:15'),
(42, 'Frecuencia Cardiaca', 60, 100, '2024-09-19 20:56:23', '2024-09-19 20:56:23'),
(43, 'Frecuencia Cardiaca', 60, 100, '2024-09-19 20:56:37', '2024-09-19 20:56:37'),
(44, 'Frecuencia Cardiaca', 60, 100, '2024-09-19 20:56:42', '2024-09-19 20:56:42'),
(45, 'Frecuencia Cardiaca', 60, 100, '2024-09-19 20:56:53', '2024-09-19 20:56:53'),
(46, 'Frecuencia Cardiaca', 60, 100, '2024-09-19 20:57:02', '2024-09-19 20:57:02'),
(47, 'Frecuencia Cardiaca', 60, 100, '2024-09-19 20:57:11', '2024-09-19 20:57:11'),
(48, 'Frecuencia Cardiaca', 60, 100, '2024-09-19 20:57:17', '2024-09-19 20:57:17'),
(49, 'Frecuencia Cardiaca', 60, 100, '2024-09-19 20:57:23', '2024-09-19 20:57:23'),
(50, 'Frecuencia Cardiaca', 60, 100, '2024-09-19 20:57:28', '2024-09-19 20:57:28'),
(51, 'Frecuencia Cardiaca', 60, 100, '2024-09-19 20:57:31', '2024-09-19 20:57:31'),
(52, 'Frecuencia Cardiaca', 60, 100, '2024-09-19 20:58:20', '2024-09-19 20:58:20'),
(53, 'Frecuencia Cardiaca', 60, 100, '2024-09-19 20:58:22', '2024-09-19 20:58:22'),
(54, 'Frecuencia Cardiaca', 60, 100, '2024-09-19 20:58:24', '2024-09-19 20:58:24'),
(55, 'Frecuencia Cardiaca', 60, 100, '2024-09-19 20:58:28', '2024-09-19 20:58:28'),
(56, 'Frecuencia Cardiaca', 60, 100, '2024-09-19 20:58:31', '2024-09-19 20:58:31'),
(57, 'Frecuencia Cardiaca', 60, 100, '2024-09-19 20:58:37', '2024-09-19 20:58:37'),
(58, 'Frecuencia Cardiaca', 60, 100, '2024-09-19 20:58:40', '2024-09-19 20:58:40'),
(59, 'Frecuencia Cardiaca', 60, 100, '2024-09-19 20:58:43', '2024-09-19 20:58:43'),
(60, 'Frecuencia Cardiaca', 60, 100, '2024-09-19 20:58:46', '2024-09-19 20:58:46'),
(61, 'Frecuencia Cardiaca', 60, 100, '2024-09-19 20:58:50', '2024-09-19 20:58:50'),
(62, 'Frecuencia Cardiaca', 60, 100, '2024-09-19 20:58:56', '2024-09-19 20:58:56'),
(63, 'Frecuencia Cardiaca', 60, 100, '2024-09-19 20:58:58', '2024-09-19 20:58:58'),
(64, 'Frecuencia Cardiaca', 60, 100, '2024-09-19 20:59:11', '2024-09-19 20:59:11'),
(65, 'Frecuencia Cardiaca', 60, 100, '2024-09-19 20:59:27', '2024-09-19 20:59:27'),
(66, 'Frecuencia Cardiaca', 60, 100, '2024-09-19 20:59:32', '2024-09-19 20:59:32'),
(67, 'Frecuencia Cardiaca', 60, 100, '2024-09-19 20:59:35', '2024-09-19 20:59:35'),
(68, 'Frecuencia Cardiaca', 60, 100, '2024-09-19 20:59:41', '2024-09-19 20:59:41'),
(69, 'Frecuencia Cardiaca', 60, 100, '2024-09-19 20:59:43', '2024-09-19 20:59:43'),
(70, 'Frecuencia Cardiaca', 60, 100, '2024-09-19 20:59:55', '2024-09-19 20:59:55'),
(71, 'Frecuencia Cardiaca', 60, 100, '2024-09-19 21:00:02', '2024-09-19 21:00:02'),
(72, 'Frecuencia Cardiaca', 60, 100, '2024-09-19 21:00:05', '2024-09-19 21:00:05'),
(73, 'Frecuencia Cardiaca', 60, 100, '2024-09-19 21:00:30', '2024-09-19 21:00:30'),
(74, 'Frecuencia Cardiaca', 60, 100, '2024-09-19 21:00:35', '2024-09-19 21:00:35'),
(75, 'Frecuencia Cardiaca', 60, 100, '2024-09-19 21:00:41', '2024-09-19 21:00:41'),
(76, 'Frecuencia Cardiaca', 60, 100, '2024-09-19 21:05:04', '2024-09-19 21:05:04'),
(77, 'Frecuencia Cardiaca', 60, 100, '2024-09-19 21:05:06', '2024-09-19 21:05:06'),
(78, 'Frecuencia Cardiaca', 60, 100, '2024-09-19 21:05:11', '2024-09-19 21:05:11'),
(79, 'Frecuencia Cardiaca', 60, 100, '2024-09-19 21:05:19', '2024-09-19 21:05:19'),
(80, 'Frecuencia Cardiaca', 60, 100, '2024-09-19 21:05:21', '2024-09-19 21:05:21'),
(81, 'Frecuencia Cardiaca', 60, 100, '2024-09-19 21:05:45', '2024-09-19 21:05:45'),
(82, 'Frecuencia Cardiaca', 60, 100, '2024-09-19 21:05:48', '2024-09-19 21:05:48'),
(83, 'Frecuencia Cardiaca', 60, 100, '2024-09-19 21:05:53', '2024-09-19 21:05:53'),
(84, 'Frecuencia Cardiaca', 60, 100, '2024-09-19 21:06:03', '2024-09-19 21:06:03'),
(85, 'Frecuencia Cardiaca', 60, 100, '2024-09-19 21:06:11', '2024-09-19 21:06:11'),
(86, 'Frecuencia Cardiaca', 60, 100, '2024-09-19 21:06:21', '2024-09-19 21:06:21'),
(87, 'Frecuencia Cardiaca', 60, 100, '2024-09-19 21:06:25', '2024-09-19 21:06:25'),
(88, 'Frecuencia Cardiaca', 60, 100, '2024-09-19 21:06:29', '2024-09-19 21:06:29'),
(89, 'Frecuencia Cardiaca', 60, 100, '2024-09-19 21:06:31', '2024-09-19 21:06:31'),
(90, 'Frecuencia Cardiaca', 60, 100, '2024-09-19 21:06:34', '2024-09-19 21:06:34'),
(91, 'Frecuencia Cardiaca', 60, 100, '2024-09-19 21:06:37', '2024-09-19 21:06:37'),
(92, 'Frecuencia Cardiaca', 60, 100, '2024-09-19 21:06:40', '2024-09-19 21:06:40'),
(93, 'Frecuencia Cardiaca', 60, 100, '2024-09-19 21:06:43', '2024-09-19 21:06:43'),
(94, 'Frecuencia Cardiaca', 60, 100, '2024-09-19 21:09:11', '2024-09-19 21:09:11'),
(95, 'Temperatura', 36, 38, '2024-09-19 21:15:39', '2024-09-19 21:15:39'),
(96, 'Frecuencia Cardiaca', 60, 100, '2024-09-19 22:17:21', '2024-09-19 22:17:21'),
(97, 'Temperatura', 36, 38, '2024-09-19 22:19:07', '2024-09-19 22:19:07');

--
-- Índices para tablas volcadas
--

--
-- Indices de la tabla `controlsalud`
--
ALTER TABLE `controlsalud`
  ADD PRIMARY KEY (`id`),
  ADD KEY `pacienteId` (`pacienteId`),
  ADD KEY `signoVitalId` (`signoVitalId`);

--
-- Indices de la tabla `pacientes`
--
ALTER TABLE `pacientes`
  ADD PRIMARY KEY (`id`),
  ADD UNIQUE KEY `identificacion` (`identificacion`);

--
-- Indices de la tabla `signos_vitales`
--
ALTER TABLE `signos_vitales`
  ADD PRIMARY KEY (`id`);

--
-- AUTO_INCREMENT de las tablas volcadas
--

--
-- AUTO_INCREMENT de la tabla `controlsalud`
--
ALTER TABLE `controlsalud`
  MODIFY `id` int(11) NOT NULL AUTO_INCREMENT, AUTO_INCREMENT=95;

--
-- AUTO_INCREMENT de la tabla `pacientes`
--
ALTER TABLE `pacientes`
  MODIFY `id` int(11) NOT NULL AUTO_INCREMENT, AUTO_INCREMENT=90;

--
-- AUTO_INCREMENT de la tabla `signos_vitales`
--
ALTER TABLE `signos_vitales`
  MODIFY `id` int(11) NOT NULL AUTO_INCREMENT, AUTO_INCREMENT=98;

--
-- Restricciones para tablas volcadas
--

--
-- Filtros para la tabla `controlsalud`
--
ALTER TABLE `controlsalud`
  ADD CONSTRAINT `controlsalud_ibfk_1` FOREIGN KEY (`pacienteId`) REFERENCES `pacientes` (`id`) ON DELETE NO ACTION ON UPDATE CASCADE,
  ADD CONSTRAINT `controlsalud_ibfk_2` FOREIGN KEY (`signoVitalId`) REFERENCES `signos_vitales` (`id`) ON DELETE NO ACTION ON UPDATE CASCADE;
COMMIT;

/*!40101 SET CHARACTER_SET_CLIENT=@OLD_CHARACTER_SET_CLIENT */;
/*!40101 SET CHARACTER_SET_RESULTS=@OLD_CHARACTER_SET_RESULTS */;
/*!40101 SET COLLATION_CONNECTION=@OLD_COLLATION_CONNECTION */;
